{"cameraMode":{"drawMode":0,"name":"Shaded","section":"Shading Mode"},"sceneLighting":true,"audioPlay":false,"sceneViewState":{"m_AlwaysRefresh":false,"showFog":true,"showSkybox":true,"showFlares":true,"showImageEffects":true,"showParticleSystems":true,"showVisualEffectGraphs":true,"m_FxEnabled":true},"in2DMode":false,"pivot":{"x":574.7567749023438,"y":444.69134521484377,"z":716.4307861328125},"rotation":{"x":-0.08268287032842636,"y":-0.0278033334761858,"z":0.0023077616933733227,"w":-0.9961854219436646},"size":457.5624084472656,"orthographic":false}